Products,Prices
"Ulei de cocos virgin raw bio, 100ml - Obio",12.19
Ulei de cocos virgin bio 100ml DS,12.19
"Ulei de cocos raw bio, 220ml - Obio",23.78
Ulei de cocos dezodorizat bio 300 ml DS,24
Ulei de cocos extra-virgin bio 300ml DS,26.2
Ulei de cocos Premium dezodorizat pt. gatit bio...,27.54
"Ulei de cocos Republica BIO 280 ml, extravirgin...",31
Ulei de cocos condimentat cu usturoi si chilli ...,34.43
"Ulei de cocos condimentat cu chilli bio, 190ml ...",34.43
"Ulei de cocos condimentat cu ghimbir bio, 190ml...",34.43
"Ulei de cocos condimentat cu turmeric bio, 190m...",34.43
"Ulei de cocos condimentat cu scortisoara bio, 1...",34.43
Ulei de Cocos Premium raw bio 200ml Dr. Goerg,34.43
Ulei de cocos virgin bio 200g Biona,35.3
Ulei de cocos dezodorizat pt. gatit bio 470ml B...,39.2
"Ulei de Cocos virgin raw bio, 460g/500ml - Obio",40.82
Ulei de cocos dezodorizat pt. gatit bio 610ml B...,48.3
"Ulei de cocos extravirgin, presat la rece, bio ...",49.3
Ulei de cocos Premium dezodorizat pt. gatit bio...,62.09
Ulei de cocos virgin bio 400g Biona,64.7
Ulei de cocos dezodorizat pentru gatit bio 875ml,65.3
Ulei de cocos dezodorizat bio 1000 ml DS,65.9
"Ulei de cocos virgin raw bio, 1000ml - Obio",67.97
Ulei de cocos MCT bio 250ml Bio Today,72.7
Ulei de cocos virgin bio 1 litru DS,73.9
Bio MCT C8 & C10 extras natural din ulei de coc...,82
Ulei de Cocos Premium raw bio 500ml Dr. Goerg,82.74
"Ulei de Cocos MCT C8 + C10, bio, 500ml, Dr. Georg",90
"Ulei de Cocos MCT C8, bio, 500ml, Dr. Georg",112.54
Ulei de cocos virgin bio 800g Biona,120.4
Ulei de Cocos dezodorizat bio 3 litri Amrita,138.8
Ulei de Cocos Premium raw bio 1000ml Dr. Goerg,158.61
Ulei de Cocos virgin raw bio 3 litri Amrita,178
